Propuesta, Tipo de Atracci√≥n, Ingresos Totales, Compras, Rechazos
Pack Luminoso 2,Lado Luminoso,60,4,1
Pack Luminoso 1,Lado Luminoso,30,3,1
Pack Gris 1,Lado Gris,24,2,0
Pack Oscuro 2,Lado Oscuro,21,1,1
El despertar de la Fuerza,Lado Luminoso,20,2,1
La Venganza de los Sith,Lado Oscuro,15,1,1
El Imperio contaataca,Lado Oscuro,14,1,1
Naboo,Lado Gris,14,2,1
Una nueva Esperanza,Lado Luminoso,12,2,0
Tatooine,Lado Gris,12,2,1
El regreso del Jedi,Lado Luminoso,7,1,0
Endor,Lado Gris,5,1,0
La Amenaza Fantasma,Lado Oscuro,0,0,0
El ataque de los Clones,Lado Oscuro,0,0,1
El ascenso de Skywalker,Lado Luminoso,0,0,1
Pack Oscuro 1,Lado Oscuro,0,0,1
TOTALES,,234,22,11

